t,mean,sd
24,6182.310761,412.9352329
48,9430.300538,595.5230325
72,21977.05233,2061.523587
96,38768.45119,4206.599075
120,89365.25145,2390.158606
